Metric,Value
Accuracy,0.7333333333333333
Precision,0.5377777777777778
Recall,0.7333333333333333
F1 Score,0.6205128205128205
